<?xml version="1.0" encoding="UTF-8" standalone="yes"?>
<comments>
  <user>
    <contact-id>1722734177545</contact-id>
    <phone-number>945-274-8144</phone-number>
    <first-name>yipps</first-name>
    <last-name>yes</last-name>
    <date-of-birth>07-01-2024</date-of-birth>
    <email>pxy@utd.com</email>
    <gender>female</gender>
    <comment>Second Comment</comment>
  </user>
  <user>
    <contact-id>1722874898815</contact-id>
    <phone-number>945-274-8155</phone-number>
    <first-name>Ellie</first-name>
    <last-name>Green</last-name>
    <date-of-birth>08-01-2024</date-of-birth>
    <email>exy@utd.com</email>
    <gender>female</gender>
    <comment>First Comment from Ellie</comment>
  </user>
  <user>
    <contact-id>1723213374984</contact-id>
    <phone-number>945-274-8177</phone-number>
    <first-name>Samm</first-name>
    <last-name>Yess</last-name>
    <date-of-birth>08-28-2024</date-of-birth>
    <email>sxy@utd.com</email>
    <gender>female</gender>
    <comment>Second Comment - Update</comment>
  </user>
  <user>
    <contact-id>1732839277684</contact-id>
    <phone-number>999-999-9999</phone-number>
    <first-name>sai</first-name>
    <last-name>chandra</last-name>
    <date-of-birth>11-02-2024</date-of-birth>
    <email>saichandra@gmail.com</email>
    <gender>Male</gender>
    <comment>Why is it not changing</comment>
  </user>
  <user>
    <contact-id>1732838858087</contact-id>
    <phone-number>993-456-7890</phone-number>
    <first-name>sai</first-name>
    <last-name>chairthrik</last-name>
    <date-of-birth>11-13-2024</date-of-birth>
    <email>saichaithrik@gmail.com</email>
    <gender>Male</gender>
    <comment>This is sai chaithrik comment</comment>
  </user>
  <user>
    <contact-id>1732839228548</contact-id>
    <phone-number>444-444-4444</phone-number>
    <first-name>Vijay</first-name>
    <last-name>Dukkipati</last-name>
    <date-of-birth>11-08-2024</date-of-birth>
    <email>vijay@gmail.com</email>
    <gender>Male</gender>
    <comment>Hi My Name is Vijay Sai Dukkipati</comment>
  </user>
</comments>