<?xml version="1.0" encoding="UTF-8"?><Flights>
    <Flight>
        <FlightID>TXCA001</FlightID>
        <Origin>Houston</Origin>
        <Destination>Los Angeles</Destination>
        <DepartureDate>2024-09-01</DepartureDate>
        <ArrivalDate>2024-09-01</ArrivalDate>
        <DepartureTime>06:00</DepartureTime>
        <ArrivalTime>09:00</ArrivalTime>
        <AvailableSeats>150</AvailableSeats>
        <Price>200</Price>
    </Flight>
    <Flight>
        <FlightID>TXCA002</FlightID>
        <Origin>Houston</Origin>
        <Destination>Los Angeles</Destination>
        <DepartureDate>2024-09-01</DepartureDate>
        <ArrivalDate>2024-09-01</ArrivalDate>
        <DepartureTime>12:00</DepartureTime>
        <ArrivalTime>15:00</ArrivalTime>
        <AvailableSeats>150</AvailableSeats>
        <Price>200</Price>
    </Flight>
    <Flight>
        <FlightID>TXCA003</FlightID>
        <Origin>Houston</Origin>
        <Destination>Los Angeles</Destination>
        <DepartureDate>2024-09-01</DepartureDate>
        <ArrivalDate>2024-09-01</ArrivalDate>
        <DepartureTime>18:00</DepartureTime>
        <ArrivalTime>21:00</ArrivalTime>
        <AvailableSeats>150</AvailableSeats>
        <Price>200</Price>
    </Flight>
    <Flight>
        <FlightID>CATX001</FlightID>
        <Origin>Los Angeles</Origin>
        <Destination>Houston</Destination>
        <DepartureDate>2024-09-01</DepartureDate>
        <ArrivalDate>2024-09-01</ArrivalDate>
        <DepartureTime>06:30</DepartureTime>
        <ArrivalTime>09:30</ArrivalTime>
        <AvailableSeats>150</AvailableSeats>
        <Price>200</Price>
    </Flight>
    <Flight>
        <FlightID>CATX002</FlightID>
        <Origin>Los Angeles</Origin>
        <Destination>Houston</Destination>
        <DepartureDate>2024-09-01</DepartureDate>
        <ArrivalDate>2024-09-01</ArrivalDate>
        <DepartureTime>12:30</DepartureTime>
        <ArrivalTime>15:30</ArrivalTime>
        <AvailableSeats>150</AvailableSeats>
        <Price>200</Price>
    </Flight>
    <Flight>
        <FlightID>CATX003</FlightID>
        <Origin>Los Angeles</Origin>
        <Destination>Houston</Destination>
        <DepartureDate>2024-09-01</DepartureDate>
        <ArrivalDate>2024-09-01</ArrivalDate>
        <DepartureTime>18:30</DepartureTime>
        <ArrivalTime>21:30</ArrivalTime>
        <AvailableSeats>150</AvailableSeats>
        <Price>200</Price>
    </Flight>
    <Flight>
        <FlightID>TXCA004</FlightID>
        <Origin>Houston</Origin>
        <Destination>San Diego</Destination>
        <DepartureDate>2024-09-08</DepartureDate>
        <ArrivalDate>2024-09-08</ArrivalDate>
        <DepartureTime>07:00</DepartureTime>
        <ArrivalTime>10:00</ArrivalTime>
        <AvailableSeats>177</AvailableSeats>
        <Price>210</Price>
    </Flight>
    <Flight>
        <FlightID>TXCA005</FlightID>
        <Origin>Houston</Origin>
        <Destination>San Diego</Destination>
        <DepartureDate>2024-09-08</DepartureDate>
        <ArrivalDate>2024-09-08</ArrivalDate>
        <DepartureTime>13:00</DepartureTime>
        <ArrivalTime>16:00</ArrivalTime>
        <AvailableSeats>180</AvailableSeats>
        <Price>210</Price>
    </Flight>
    <Flight>
        <FlightID>TXCA006</FlightID>
        <Origin>Houston</Origin>
        <Destination>San Diego</Destination>
        <DepartureDate>2024-09-08</DepartureDate>
        <ArrivalDate>2024-09-08</ArrivalDate>
        <DepartureTime>19:00</DepartureTime>
        <ArrivalTime>22:00</ArrivalTime>
        <AvailableSeats>180</AvailableSeats>
        <Price>210</Price>
    </Flight>
    <Flight>
        <FlightID>CATX004</FlightID>
        <Origin>San Diego</Origin>
        <Destination>Houston</Destination>
        <DepartureDate>2024-09-08</DepartureDate>
        <ArrivalDate>2024-09-08</ArrivalDate>
        <DepartureTime>07:30</DepartureTime>
        <ArrivalTime>10:30</ArrivalTime>
        <AvailableSeats>180</AvailableSeats>
        <Price>210</Price>
    </Flight>
    <Flight>
        <FlightID>CATX005</FlightID>
        <Origin>San Diego</Origin>
        <Destination>Houston</Destination>
        <DepartureDate>2024-09-08</DepartureDate>
        <ArrivalDate>2024-09-08</ArrivalDate>
        <DepartureTime>13:30</DepartureTime>
        <ArrivalTime>16:30</ArrivalTime>
        <AvailableSeats>180</AvailableSeats>
        <Price>210</Price>
    </Flight>
    <Flight>
        <FlightID>CATX006</FlightID>
        <Origin>San Diego</Origin>
        <Destination>Houston</Destination>
        <DepartureDate>2024-09-08</DepartureDate>
        <ArrivalDate>2024-09-08</ArrivalDate>
        <DepartureTime>19:30</DepartureTime>
        <ArrivalTime>22:30</ArrivalTime>
        <AvailableSeats>180</AvailableSeats>
        <Price>210</Price>
    </Flight>
    <Flight>
        <FlightID>TXCA007</FlightID>
        <Origin>Houston</Origin>
        <Destination>San Francisco</Destination>
        <DepartureDate>2024-09-15</DepartureDate>
        <ArrivalDate>2024-09-15</ArrivalDate>
        <DepartureTime>08:00</DepartureTime>
        <ArrivalTime>11:00</ArrivalTime>
        <AvailableSeats>120</AvailableSeats>
        <Price>220</Price>
    </Flight>
    <Flight>
        <FlightID>TXCA008</FlightID>
        <Origin>Houston</Origin>
        <Destination>San Francisco</Destination>
        <DepartureDate>2024-09-15</DepartureDate>
        <ArrivalDate>2024-09-15</ArrivalDate>
        <DepartureTime>14:00</DepartureTime>
        <ArrivalTime>17:00</ArrivalTime>
        <AvailableSeats>120</AvailableSeats>
        <Price>220</Price>
    </Flight>
    <Flight>
        <FlightID>TXCA009</FlightID>
        <Origin>Houston</Origin>
        <Destination>San Francisco</Destination>
        <DepartureDate>2024-09-15</DepartureDate>
        <ArrivalDate>2024-09-15</ArrivalDate>
        <DepartureTime>20:00</DepartureTime>
        <ArrivalTime>23:00</ArrivalTime>
        <AvailableSeats>120</AvailableSeats>
        <Price>220</Price>
    </Flight>
    <Flight>
        <FlightID>CATX007</FlightID>
        <Origin>San Francisco</Origin>
        <Destination>Houston</Destination>
        <DepartureDate>2024-09-15</DepartureDate>
        <ArrivalDate>2024-09-15</ArrivalDate>
        <DepartureTime>08:30</DepartureTime>
        <ArrivalTime>11:30</ArrivalTime>
        <AvailableSeats>120</AvailableSeats>
        <Price>220</Price>
    </Flight>
    <Flight>
        <FlightID>CATX008</FlightID>
        <Origin>San Francisco</Origin>
        <Destination>Houston</Destination>
        <DepartureDate>2024-09-15</DepartureDate>
        <ArrivalDate>2024-09-15</ArrivalDate>
        <DepartureTime>14:30</DepartureTime>
        <ArrivalTime>17:30</ArrivalTime>
        <AvailableSeats>120</AvailableSeats>
        <Price>220</Price>
    </Flight>
    <Flight>
        <FlightID>CATX009</FlightID>
        <Origin>San Francisco</Origin>
        <Destination>Houston</Destination>
        <DepartureDate>2024-09-15</DepartureDate>
        <ArrivalDate>2024-09-15</ArrivalDate>
        <DepartureTime>20:30</DepartureTime>
        <ArrivalTime>23:30</ArrivalTime>
        <AvailableSeats>120</AvailableSeats>
        <Price>220</Price>
    </Flight>
    <Flight>
        <FlightID>TXCA010</FlightID>
        <Origin>Houston</Origin>
        <Destination>San Jose</Destination>
        <DepartureDate>2024-09-22</DepartureDate>
        <ArrivalDate>2024-09-22</ArrivalDate>
        <DepartureTime>09:00</DepartureTime>
        <ArrivalTime>12:00</ArrivalTime>
        <AvailableSeats>150</AvailableSeats>
        <Price>200</Price>
    </Flight>
    <Flight>
        <FlightID>TXCA011</FlightID>
        <Origin>Houston</Origin>
        <Destination>San Jose</Destination>
        <DepartureDate>2024-09-22</DepartureDate>
        <ArrivalDate>2024-09-22</ArrivalDate>
        <DepartureTime>15:00</DepartureTime>
        <ArrivalTime>18:00</ArrivalTime>
        <AvailableSeats>150</AvailableSeats>
        <Price>200</Price>
    </Flight>
    <Flight>
        <FlightID>TXCA012</FlightID>
        <Origin>Houston</Origin>
        <Destination>San Jose</Destination>
        <DepartureDate>2024-09-22</DepartureDate>
        <ArrivalDate>2024-09-23</ArrivalDate>
        <DepartureTime>21:00</DepartureTime>
        <ArrivalTime>00:00</ArrivalTime>
        <AvailableSeats>150</AvailableSeats>
        <Price>200</Price>
    </Flight>
    <Flight>
        <FlightID>CATX010</FlightID>
        <Origin>San Jose</Origin>
        <Destination>Houston</Destination>
        <DepartureDate>2024-09-22</DepartureDate>
        <ArrivalDate>2024-09-22</ArrivalDate>
        <DepartureTime>09:30</DepartureTime>
        <ArrivalTime>12:30</ArrivalTime>
        <AvailableSeats>150</AvailableSeats>
        <Price>200</Price>
    </Flight>
    <Flight>
        <FlightID>CATX011</FlightID>
        <Origin>San Jose</Origin>
        <Destination>Houston</Destination>
        <DepartureDate>2024-09-22</DepartureDate>
        <ArrivalDate>2024-09-22</ArrivalDate>
        <DepartureTime>15:30</DepartureTime>
        <ArrivalTime>18:30</ArrivalTime>
        <AvailableSeats>150</AvailableSeats>
        <Price>200</Price>
    </Flight>
    <Flight>
        <FlightID>CATX012</FlightID>
        <Origin>San Jose</Origin>
        <Destination>Houston</Destination>
        <DepartureDate>2024-09-22</DepartureDate>
        <ArrivalDate>2024-09-23</ArrivalDate>
        <DepartureTime>21:30</DepartureTime>
        <ArrivalTime>00:30</ArrivalTime>
        <AvailableSeats>150</AvailableSeats>
        <Price>200</Price>
    </Flight>
    <Flight>
        <FlightID>TXCA013</FlightID>
        <Origin>Houston</Origin>
        <Destination>Sacramento</Destination>
        <DepartureDate>2024-09-29</DepartureDate>
        <ArrivalDate>2024-09-29</ArrivalDate>
        <DepartureTime>10:00</DepartureTime>
        <ArrivalTime>13:00</ArrivalTime>
        <AvailableSeats>180</AvailableSeats>
        <Price>220</Price>
    </Flight>
    <Flight>
        <FlightID>TXCA014</FlightID>
        <Origin>Houston</Origin>
        <Destination>Sacramento</Destination>
        <DepartureDate>2024-09-29</DepartureDate>
        <ArrivalDate>2024-09-29</ArrivalDate>
        <DepartureTime>16:00</DepartureTime>
        <ArrivalTime>19:00</ArrivalTime>
        <AvailableSeats>180</AvailableSeats>
        <Price>220</Price>
    </Flight>
    <Flight>
        <FlightID>TXCA015</FlightID>
        <Origin>Houston</Origin>
        <Destination>Sacramento</Destination>
        <DepartureDate>2024-09-29</DepartureDate>
        <ArrivalDate>2024-09-30</ArrivalDate>
        <DepartureTime>22:00</DepartureTime>
        <ArrivalTime>01:00</ArrivalTime>
        <AvailableSeats>180</AvailableSeats>
        <Price>220</Price>
    </Flight>
    <Flight>
        <FlightID>CATX013</FlightID>
        <Origin>Sacramento</Origin>
        <Destination>Houston</Destination>
        <DepartureDate>2024-09-29</DepartureDate>
        <ArrivalDate>2024-09-29</ArrivalDate>
        <DepartureTime>10:30</DepartureTime>
        <ArrivalTime>13:30</ArrivalTime>
        <AvailableSeats>180</AvailableSeats>
        <Price>220</Price>
    </Flight>
    <Flight>
        <FlightID>CATX014</FlightID>
        <Origin>Sacramento</Origin>
        <Destination>Houston</Destination>
        <DepartureDate>2024-09-29</DepartureDate>
        <ArrivalDate>2024-09-29</ArrivalDate>
        <DepartureTime>16:30</DepartureTime>
        <ArrivalTime>19:30</ArrivalTime>
        <AvailableSeats>180</AvailableSeats>
        <Price>220</Price>
    </Flight>
    <Flight>
        <FlightID>CATX015</FlightID>
        <Origin>Sacramento</Origin>
        <Destination>Houston</Destination>
        <DepartureDate>2024-09-29</DepartureDate>
        <ArrivalDate>2024-09-30</ArrivalDate>
        <DepartureTime>22:30</DepartureTime>
        <ArrivalTime>01:30</ArrivalTime>
        <AvailableSeats>180</AvailableSeats>
        <Price>220</Price>
    </Flight>
    <Flight>
        <FlightID>TXCA016</FlightID>
        <Origin>Houston</Origin>
        <Destination>Berkeley</Destination>
        <DepartureDate>2024-10-06</DepartureDate>
        <ArrivalDate>2024-10-06</ArrivalDate>
        <DepartureTime>11:00</DepartureTime>
        <ArrivalTime>14:00</ArrivalTime>
        <AvailableSeats>160</AvailableSeats>
        <Price>240</Price>
    </Flight>
    <Flight>
        <FlightID>TXCA017</FlightID>
        <Origin>Houston</Origin>
        <Destination>Berkeley</Destination>
        <DepartureDate>2024-10-06</DepartureDate>
        <ArrivalDate>2024-10-06</ArrivalDate>
        <DepartureTime>17:00</DepartureTime>
        <ArrivalTime>20:00</ArrivalTime>
        <AvailableSeats>160</AvailableSeats>
        <Price>240</Price>
    </Flight>
    <Flight>
        <FlightID>TXCA018</FlightID>
        <Origin>Houston</Origin>
        <Destination>Berkeley</Destination>
        <DepartureDate>2024-10-06</DepartureDate>
        <ArrivalDate>2024-10-07</ArrivalDate>
        <DepartureTime>23:00</DepartureTime>
        <ArrivalTime>02:00</ArrivalTime>
        <AvailableSeats>160</AvailableSeats>
        <Price>240</Price>
    </Flight>
    <Flight>
        <FlightID>CATX016</FlightID>
        <Origin>Berkeley</Origin>
        <Destination>Houston</Destination>
        <DepartureDate>2024-10-06</DepartureDate>
        <ArrivalDate>2024-10-06</ArrivalDate>
        <DepartureTime>11:30</DepartureTime>
        <ArrivalTime>14:30</ArrivalTime>
        <AvailableSeats>160</AvailableSeats>
        <Price>240</Price>
    </Flight>
    <Flight>
        <FlightID>CATX017</FlightID>
        <Origin>Berkeley</Origin>
        <Destination>Houston</Destination>
        <DepartureDate>2024-10-06</DepartureDate>
        <ArrivalDate>2024-10-06</ArrivalDate>
        <DepartureTime>17:30</DepartureTime>
        <ArrivalTime>20:30</ArrivalTime>
        <AvailableSeats>160</AvailableSeats>
        <Price>240</Price>
    </Flight>
    <Flight>
        <FlightID>CATX018</FlightID>
        <Origin>Berkeley</Origin>
        <Destination>Houston</Destination>
        <DepartureDate>2024-10-06</DepartureDate>
        <ArrivalDate>2024-10-07</ArrivalDate>
        <DepartureTime>23:30</DepartureTime>
        <ArrivalTime>02:30</ArrivalTime>
        <AvailableSeats>160</AvailableSeats>
        <Price>240</Price>
    </Flight>
    <Flight>
        <FlightID>TXCA019</FlightID>
        <Origin>Houston</Origin>
        <Destination>Oakland</Destination>
        <DepartureDate>2024-10-13</DepartureDate>
        <ArrivalDate>2024-10-13</ArrivalDate>
        <DepartureTime>12:00</DepartureTime>
        <ArrivalTime>15:00</ArrivalTime>
        <AvailableSeats>125</AvailableSeats>
        <Price>160</Price>
    </Flight>
    <Flight>
        <FlightID>TXCA020</FlightID>
        <Origin>Houston</Origin>
        <Destination>Oakland</Destination>
        <DepartureDate>2024-10-13</DepartureDate>
        <ArrivalDate>2024-10-13</ArrivalDate>
        <DepartureTime>18:00</DepartureTime>
        <ArrivalTime>21:00</ArrivalTime>
        <AvailableSeats>125</AvailableSeats>
        <Price>160</Price>
    </Flight>
    <Flight>
        <FlightID>TXCA021</FlightID>
        <Origin>Houston</Origin>
        <Destination>Oakland</Destination>
        <DepartureDate>2024-10-14</DepartureDate>
        <ArrivalDate>2024-10-14</ArrivalDate>
        <DepartureTime>00:00</DepartureTime>
        <ArrivalTime>03:00</ArrivalTime>
        <AvailableSeats>125</AvailableSeats>
        <Price>160</Price>
    </Flight>
    <Flight>
        <FlightID>CATX019</FlightID>
        <Origin>Oakland</Origin>
        <Destination>Houston</Destination>
        <DepartureDate>2024-10-13</DepartureDate>
        <ArrivalDate>2024-10-13</ArrivalDate>
        <DepartureTime>12:30</DepartureTime>
        <ArrivalTime>15:30</ArrivalTime>
        <AvailableSeats>125</AvailableSeats>
        <Price>160</Price>
    </Flight>
    <Flight>
        <FlightID>CATX020</FlightID>
        <Origin>Oakland</Origin>
        <Destination>Houston</Destination>
        <DepartureDate>2024-10-13</DepartureDate>
        <ArrivalDate>2024-10-13</ArrivalDate>
        <DepartureTime>18:30</DepartureTime>
        <ArrivalTime>21:30</ArrivalTime>
        <AvailableSeats>125</AvailableSeats>
        <Price>160</Price>
    </Flight>
    <Flight>
        <FlightID>CATX021</FlightID>
        <Origin>Oakland</Origin>
        <Destination>Houston</Destination>
        <DepartureDate>2024-10-14</DepartureDate>
        <ArrivalDate>2024-10-14</ArrivalDate>
        <DepartureTime>00:30</DepartureTime>
        <ArrivalTime>03:30</ArrivalTime>
        <AvailableSeats>125</AvailableSeats>
        <Price>160</Price>
    </Flight>
    <Flight>
        <FlightID>TXCA022</FlightID>
        <Origin>Houston</Origin>
        <Destination>Palm Springs</Destination>
        <DepartureDate>2024-10-20</DepartureDate>
        <ArrivalDate>2024-10-20</ArrivalDate>
        <DepartureTime>13:00</DepartureTime>
        <ArrivalTime>16:00</ArrivalTime>
        <AvailableSeats>160</AvailableSeats>
        <Price>200</Price>
    </Flight>
    <Flight>
        <FlightID>TXCA023</FlightID>
        <Origin>Houston</Origin>
        <Destination>Palm Springs</Destination>
        <DepartureDate>2024-10-20</DepartureDate>
        <ArrivalDate>2024-10-20</ArrivalDate>
        <DepartureTime>19:00</DepartureTime>
        <ArrivalTime>20:00</ArrivalTime>
        <AvailableSeats>160</AvailableSeats>
        <Price>200</Price>
    </Flight>
    <Flight>
        <FlightID>TXCA024</FlightID>
        <Origin>Houston</Origin>
        <Destination>Palm Springs</Destination>
        <DepartureDate>2024-10-21</DepartureDate>
        <ArrivalDate>2024-10-21</ArrivalDate>
        <DepartureTime>01:00</DepartureTime>
        <ArrivalTime>04:00</ArrivalTime>
        <AvailableSeats>160</AvailableSeats>
        <Price>200</Price>
    </Flight>
    <Flight>
        <FlightID>CATX022</FlightID>
        <Origin>Palm Springs</Origin>
        <Destination>Houston</Destination>
        <DepartureDate>2024-10-20</DepartureDate>
        <ArrivalDate>2024-10-20</ArrivalDate>
        <DepartureTime>13:30</DepartureTime>
        <ArrivalTime>16:30</ArrivalTime>
        <AvailableSeats>160</AvailableSeats>
        <Price>200</Price>
    </Flight>
    <Flight>
        <FlightID>CATX023</FlightID>
        <Origin>Palm Springs</Origin>
        <Destination>Houston</Destination>
        <DepartureDate>2024-10-20</DepartureDate>
        <ArrivalDate>2024-10-20</ArrivalDate>
        <DepartureTime>19:30</DepartureTime>
        <ArrivalTime>16:30</ArrivalTime>
        <AvailableSeats>160</AvailableSeats>
        <Price>200</Price>
    </Flight>
    <Flight>
        <FlightID>CATX024</FlightID>
        <Origin>Palm Springs</Origin>
        <Destination>Houston</Destination>
        <DepartureDate>2024-10-20</DepartureDate>
        <ArrivalDate>2024-10-20</ArrivalDate>
        <DepartureTime>01:30</DepartureTime>
        <ArrivalTime>04:30</ArrivalTime>
        <AvailableSeats>160</AvailableSeats>
        <Price>200</Price>
    </Flight>
    <Flight>
        <FlightID>TXCA025</FlightID>
        <Origin>Houston</Origin>
        <Destination>Los Angeles</Destination>
        <DepartureDate>2024-10-27</DepartureDate>
        <ArrivalDate>2024-10-27</ArrivalDate>
        <DepartureTime>08:00</DepartureTime>
        <ArrivalTime>11:00</ArrivalTime>
        <AvailableSeats>150</AvailableSeats>
        <Price>220</Price>
    </Flight>
    <Flight>
        <FlightID>TXCA026</FlightID>
        <Origin>Houston</Origin>
        <Destination>Los Angeles</Destination>
        <DepartureDate>2024-10-27</DepartureDate>
        <ArrivalDate>2024-10-27</ArrivalDate>
        <DepartureTime>14:00</DepartureTime>
        <ArrivalTime>17:00</ArrivalTime>
        <AvailableSeats>150</AvailableSeats>
        <Price>220</Price>
    </Flight>
    <Flight>
        <FlightID>TXCA027</FlightID>
        <Origin>Houston</Origin>
        <Destination>Los Angeles</Destination>
        <DepartureDate>2024-10-27</DepartureDate>
        <ArrivalDate>2024-10-28</ArrivalDate>
        <DepartureTime>20:00</DepartureTime>
        <ArrivalTime>01:00</ArrivalTime>
        <AvailableSeats>150</AvailableSeats>
        <Price>220</Price>
    </Flight>
    <Flight>
        <FlightID>CATX025</FlightID>
        <Origin>Los Angeles</Origin>
        <Destination>Houston</Destination>
        <DepartureDate>2024-10-27</DepartureDate>
        <ArrivalDate>2024-10-27</ArrivalDate>
        <DepartureTime>08:30</DepartureTime>
        <ArrivalTime>11:30</ArrivalTime>
        <AvailableSeats>150</AvailableSeats>
        <Price>220</Price>
    </Flight>
    <Flight>
        <FlightID>CATX026</FlightID>
        <Origin>Los Angeles</Origin>
        <Destination>Houston</Destination>
        <DepartureDate>2024-10-27</DepartureDate>
        <ArrivalDate>2024-10-27</ArrivalDate>
        <DepartureTime>14:30</DepartureTime>
        <ArrivalTime>17:30</ArrivalTime>
        <AvailableSeats>150</AvailableSeats>
        <Price>220</Price>
    </Flight>
    <Flight>
        <FlightID>CATX027</FlightID>
        <Origin>Los Angeles</Origin>
        <Destination>Houston</Destination>
        <DepartureDate>2024-10-27</DepartureDate>
        <ArrivalDate>2024-10-28</ArrivalDate>
        <DepartureTime>20:30</DepartureTime>
        <ArrivalTime>01:30</ArrivalTime>
        <AvailableSeats>150</AvailableSeats>
        <Price>220</Price>
    </Flight>
    <Flight>
        <FlightID>TXCA028</FlightID>
        <Origin>Houston</Origin>
        <Destination>San Diego</Destination>
        <DepartureDate>2024-11-03</DepartureDate>
        <ArrivalDate>2024-11-03</ArrivalDate>
        <DepartureTime>15:00</DepartureTime>
        <ArrivalTime>18:00</ArrivalTime>
        <AvailableSeats>180</AvailableSeats>
        <Price>210</Price>
    </Flight>
    <Flight>
        <FlightID>TXCA029</FlightID>
        <Origin>Houston</Origin>
        <Destination>San Diego</Destination>
        <DepartureDate>2024-11-03</DepartureDate>
        <ArrivalDate>2024-11-04</ArrivalDate>
        <DepartureTime>21:00</DepartureTime>
        <ArrivalTime>00:00</ArrivalTime>
        <AvailableSeats>180</AvailableSeats>
        <Price>210</Price>
    </Flight>
    <Flight>
        <FlightID>TXCA030</FlightID>
        <Origin>Houston</Origin>
        <Destination>San Diego</Destination>
        <DepartureDate>2024-11-04</DepartureDate>
        <ArrivalDate>2024-11-04</ArrivalDate>
        <DepartureTime>03:00</DepartureTime>
        <ArrivalTime>06:00</ArrivalTime>
        <AvailableSeats>180</AvailableSeats>
        <Price>210</Price>
    </Flight>
    <Flight>
        <FlightID>CATX028</FlightID>
        <Origin>San Diego</Origin>
        <Destination>Houston</Destination>
        <DepartureDate>2024-11-03</DepartureDate>
        <ArrivalDate>2024-11-03</ArrivalDate>
        <DepartureTime>15:30</DepartureTime>
        <ArrivalTime>18:30</ArrivalTime>
        <AvailableSeats>180</AvailableSeats>
        <Price>210</Price>
    </Flight>
    <Flight>
        <FlightID>CATX029</FlightID>
        <Origin>San Diego</Origin>
        <Destination>Houston</Destination>
        <DepartureDate>2024-11-03</DepartureDate>
        <ArrivalDate>2024-11-04</ArrivalDate>
        <DepartureTime>21:30</DepartureTime>
        <ArrivalTime>00:30</ArrivalTime>
        <AvailableSeats>180</AvailableSeats>
        <Price>210</Price>
    </Flight>
    <Flight>
        <FlightID>CATX030</FlightID>
        <Origin>San Diego</Origin>
        <Destination>Houston</Destination>
        <DepartureDate>2024-11-04</DepartureDate>
        <ArrivalDate>2024-11-04</ArrivalDate>
        <DepartureTime>03:30</DepartureTime>
        <ArrivalTime>06:30</ArrivalTime>
        <AvailableSeats>180</AvailableSeats>
        <Price>210</Price>
    </Flight>
    <Flight>
        <FlightID>TXCA031</FlightID>
        <Origin>Houston</Origin>
        <Destination>San Francisco</Destination>
        <DepartureDate>2024-11-10</DepartureDate>
        <ArrivalDate>2024-11-10</ArrivalDate>
        <DepartureTime>16:00</DepartureTime>
        <ArrivalTime>19:00</ArrivalTime>
        <AvailableSeats>150</AvailableSeats>
        <Price>220</Price>
    </Flight>
    <Flight>
        <FlightID>TXCA032</FlightID>
        <Origin>Houston</Origin>
        <Destination>San Francisco</Destination>
        <DepartureDate>2024-11-10</DepartureDate>
        <ArrivalDate>2024-11-11</ArrivalDate>
        <DepartureTime>22:00</DepartureTime>
        <ArrivalTime>01:00</ArrivalTime>
        <AvailableSeats>150</AvailableSeats>
        <Price>220</Price>
    </Flight>
    <Flight>
        <FlightID>TXCA033</FlightID>
        <Origin>Houston</Origin>
        <Destination>San Francisco</Destination>
        <DepartureDate>2024-11-11</DepartureDate>
        <ArrivalDate>2024-11-11</ArrivalDate>
        <DepartureTime>04:00</DepartureTime>
        <ArrivalTime>07:00</ArrivalTime>
        <AvailableSeats>150</AvailableSeats>
        <Price>220</Price>
    </Flight>
    <Flight>
        <FlightID>CATX031</FlightID>
        <Origin>San Francisco</Origin>
        <Destination>Houston</Destination>
        <DepartureDate>2024-11-10</DepartureDate>
        <ArrivalDate>2024-11-10</ArrivalDate>
        <DepartureTime>16:30</DepartureTime>
        <ArrivalTime>19:30</ArrivalTime>
        <AvailableSeats>150</AvailableSeats>
        <Price>220</Price>
    </Flight>
    <Flight>
        <FlightID>CATX032</FlightID>
        <Origin>San Francisco</Origin>
        <Destination>Houston</Destination>
        <DepartureDate>2024-11-10</DepartureDate>
        <ArrivalDate>2024-11-11</ArrivalDate>
        <DepartureTime>22:30</DepartureTime>
        <ArrivalTime>01:30</ArrivalTime>
        <AvailableSeats>150</AvailableSeats>
        <Price>220</Price>
    </Flight>
    <Flight>
        <FlightID>CATX033</FlightID>
        <Origin>San Francisco</Origin>
        <Destination>Houston</Destination>
        <DepartureDate>2024-11-11</DepartureDate>
        <ArrivalDate>2024-11-11</ArrivalDate>
        <DepartureTime>04:30</DepartureTime>
        <ArrivalTime>07:30</ArrivalTime>
        <AvailableSeats>150</AvailableSeats>
        <Price>220</Price>
    </Flight>
    <Flight>
        <FlightID>TXCA034</FlightID>
        <Origin>Houston</Origin>
        <Destination>San Jose</Destination>
        <DepartureDate>2024-11-17</DepartureDate>
        <ArrivalDate>2024-11-17</ArrivalDate>
        <DepartureTime>17:00</DepartureTime>
        <ArrivalTime>20:00</ArrivalTime>
        <AvailableSeats>160</AvailableSeats>
        <Price>200</Price>
    </Flight>
    <Flight>
        <FlightID>TXCA035</FlightID>
        <Origin>Houston</Origin>
        <Destination>San Jose</Destination>
        <DepartureDate>2024-11-17</DepartureDate>
        <ArrivalDate>2024-11-18</ArrivalDate>
        <DepartureTime>23:00</DepartureTime>
        <ArrivalTime>02:00</ArrivalTime>
        <AvailableSeats>160</AvailableSeats>
        <Price>200</Price>
    </Flight>
    <Flight>
        <FlightID>TXCA036</FlightID>
        <Origin>Houston</Origin>
        <Destination>San Jose</Destination>
        <DepartureDate>2024-11-18</DepartureDate>
        <ArrivalDate>2024-11-18</ArrivalDate>
        <DepartureTime>05:00</DepartureTime>
        <ArrivalTime>08:00</ArrivalTime>
        <AvailableSeats>160</AvailableSeats>
        <Price>200</Price>
    </Flight>
    <Flight>
        <FlightID>CATX034</FlightID>
        <Origin>San Jose</Origin>
        <Destination>Houston</Destination>
        <DepartureDate>2024-11-17</DepartureDate>
        <ArrivalDate>2024-11-17</ArrivalDate>
        <DepartureTime>17:30</DepartureTime>
        <ArrivalTime>20:30</ArrivalTime>
        <AvailableSeats>160</AvailableSeats>
        <Price>200</Price>
    </Flight>
    <Flight>
        <FlightID>CATX035</FlightID>
        <Origin>San Jose</Origin>
        <Destination>Houston</Destination>
        <DepartureDate>2024-11-17</DepartureDate>
        <ArrivalDate>2024-11-18</ArrivalDate>
        <DepartureTime>23:30</DepartureTime>
        <ArrivalTime>02:30</ArrivalTime>
        <AvailableSeats>160</AvailableSeats>
        <Price>200</Price>
    </Flight>
    <Flight>
        <FlightID>CATX036</FlightID>
        <Origin>San Jose</Origin>
        <Destination>Houston</Destination>
        <DepartureDate>2024-11-18</DepartureDate>
        <ArrivalDate>2024-11-18</ArrivalDate>
        <DepartureTime>05:30</DepartureTime>
        <ArrivalTime>08:30</ArrivalTime>
        <AvailableSeats>160</AvailableSeats>
        <Price>200</Price>
    </Flight>
    <Flight>
        <FlightID>TXCA037</FlightID>
        <Origin>Houston</Origin>
        <Destination>Sacramento</Destination>
        <DepartureDate>2024-11-24</DepartureDate>
        <ArrivalDate>2024-11-24</ArrivalDate>
        <DepartureTime>18:00</DepartureTime>
        <ArrivalTime>21:00</ArrivalTime>
        <AvailableSeats>170</AvailableSeats>
        <Price>240</Price>
    </Flight>
    <Flight>
        <FlightID>TXCA038</FlightID>
        <Origin>Houston</Origin>
        <Destination>Sacramento</Destination>
        <DepartureDate>2024-11-24</DepartureDate>
        <ArrivalDate>2024-11-24</ArrivalDate>
        <DepartureTime>12:00</DepartureTime>
        <ArrivalTime>15:00</ArrivalTime>
        <AvailableSeats>170</AvailableSeats>
        <Price>240</Price>
    </Flight>
    <Flight>
        <FlightID>TXCA039</FlightID>
        <Origin>Houston</Origin>
        <Destination>Sacramento</Destination>
        <DepartureDate>2024-11-24</DepartureDate>
        <ArrivalDate>2024-11-24</ArrivalDate>
        <DepartureTime>06:00</DepartureTime>
        <ArrivalTime>09:00</ArrivalTime>
        <AvailableSeats>170</AvailableSeats>
        <Price>240</Price>
    </Flight>
    <Flight>
        <FlightID>CATX037</FlightID>
        <Origin>Sacramento</Origin>
        <Destination>Houston</Destination>
        <DepartureDate>2024-11-24</DepartureDate>
        <ArrivalDate>2024-11-24</ArrivalDate>
        <DepartureTime>18:30</DepartureTime>
        <ArrivalTime>21:30</ArrivalTime>
        <AvailableSeats>170</AvailableSeats>
        <Price>240</Price>
    </Flight>
    <Flight>
        <FlightID>CATX038</FlightID>
        <Origin>Sacramento</Origin>
        <Destination>Houston</Destination>
        <DepartureDate>2024-11-25</DepartureDate>
        <ArrivalDate>2024-11-25</ArrivalDate>
        <DepartureTime>00:30</DepartureTime>
        <ArrivalTime>03:30</ArrivalTime>
        <AvailableSeats>170</AvailableSeats>
        <Price>240</Price>
    </Flight>
    <Flight>
        <FlightID>CATX039</FlightID>
        <Origin>Sacramento</Origin>
        <Destination>Houston</Destination>
        <DepartureDate>2024-11-24</DepartureDate>
        <ArrivalDate>2024-11-24</ArrivalDate>
        <DepartureTime>06:30</DepartureTime>
        <ArrivalTime>09:30</ArrivalTime>
        <AvailableSeats>170</AvailableSeats>
        <Price>240</Price>
    </Flight>
///////////////////////////////////////////////////////////////////
    <Flight>
        <FlightID>TXCA014</FlightID>
        <Origin>San Antonio</Origin>
        <Destination>Los Angeles</Destination>
        <DepartureDate>2024-09-02</DepartureDate>
        <ArrivalDate>2024-09-02</ArrivalDate>
        <DepartureTime>06:00</DepartureTime>
        <ArrivalTime>07:30</ArrivalTime>
        <AvailableSeats>155</AvailableSeats>
        <Price>200</Price>
    </Flight>
    <Flight>
        <FlightID>TXCA015</FlightID>
        <Origin>San Antonio</Origin>
        <Destination>San Diego</Destination>
        <DepartureDate>2024-09-09</DepartureDate>
        <ArrivalDate>2024-09-09</ArrivalDate>
        <DepartureTime>07:00</DepartureTime>
        <ArrivalTime>08:30</ArrivalTime>
        <AvailableSeats>190</AvailableSeats>
        <Price>210</Price>
    </Flight>
    <Flight>
        <FlightID>TXCA016</FlightID>
        <Origin>San Antonio</Origin>
        <Destination>San Francisco</Destination>
        <DepartureDate>2024-09-16</DepartureDate>
        <ArrivalDate>2024-09-16</ArrivalDate>
        <DepartureTime>08:00</DepartureTime>
        <ArrivalTime>09:30</ArrivalTime>
        <AvailableSeats>140</AvailableSeats>
        <Price>220</Price>
    </Flight>
    <Flight>
        <FlightID>TXCA017</FlightID>
        <Origin>San Antonio</Origin>
        <Destination>San Jose</Destination>
        <DepartureDate>2024-09-23</DepartureDate>
        <ArrivalDate>2024-09-23</ArrivalDate>
        <DepartureTime>09:00</DepartureTime>
        <ArrivalTime>10:30</ArrivalTime>
        <AvailableSeats>155</AvailableSeats>
        <Price>200</Price>
    </Flight>
    <Flight>
        <FlightID>TXCA018</FlightID>
        <Origin>San Antonio</Origin>
        <Destination>Sacramento</Destination>
        <DepartureDate>2024-09-30</DepartureDate>
        <ArrivalDate>2024-09-30</ArrivalDate>
        <DepartureTime>10:00</DepartureTime>
        <ArrivalTime>11:30</ArrivalTime>
        <AvailableSeats>160</AvailableSeats>
        <Price>220</Price>
    </Flight>
    <Flight>
        <FlightID>TXCA019</FlightID>
        <Origin>San Antonio</Origin>
        <Destination>Berkeley</Destination>
        <DepartureDate>2024-10-07</DepartureDate>
        <ArrivalDate>2024-10-07</ArrivalDate>
        <DepartureTime>11:00</DepartureTime>
        <ArrivalTime>12:30</ArrivalTime>
        <AvailableSeats>164</AvailableSeats>
        <Price>240</Price>
    </Flight>
    <Flight>
        <FlightID>TXCA020</FlightID>
        <Origin>San Antonio</Origin>
        <Destination>Oakland</Destination>
        <DepartureDate>2024-10-14</DepartureDate>
        <ArrivalDate>2024-10-14</ArrivalDate>
        <DepartureTime>12:00</DepartureTime>
        <ArrivalTime>13:30</ArrivalTime>
        <AvailableSeats>125</AvailableSeats>
        <Price>160</Price>
    </Flight>
    <Flight>
        <FlightID>TXCA021</FlightID>
        <Origin>San Antonio</Origin>
        <Destination>Palm Springs</Destination>
        <DepartureDate>2024-10-21</DepartureDate>
        <ArrivalDate>2024-10-21</ArrivalDate>
        <DepartureTime>13:00</DepartureTime>
        <ArrivalTime>14:30</ArrivalTime>
        <AvailableSeats>170</AvailableSeats>
        <Price>200</Price>
    </Flight>
    <Flight>
        <FlightID>TXCA022</FlightID>
        <Origin>San Antonio</Origin>
        <Destination>Los Angeles</Destination>
        <DepartureDate>2024-10-28</DepartureDate>
        <ArrivalDate>2024-10-28</ArrivalDate>
        <DepartureTime>14:00</DepartureTime>
        <ArrivalTime>15:30</ArrivalTime>
        <AvailableSeats>150</AvailableSeats>
        <Price>220</Price>
    </Flight>
    <Flight>
        <FlightID>TXCA023</FlightID>
        <Origin>San Antonio</Origin>
        <Destination>San Diego</Destination>
        <DepartureDate>2024-11-04</DepartureDate>
        <ArrivalDate>2024-11-04</ArrivalDate>
        <DepartureTime>15:00</DepartureTime>
        <ArrivalTime>16:30</ArrivalTime>
        <AvailableSeats>180</AvailableSeats>
        <Price>210</Price>
    </Flight>
    <Flight>
        <FlightID>TXCA024</FlightID>
        <Origin>San Antonio</Origin>
        <Destination>San Francisco</Destination>
        <DepartureDate>2024-11-11</DepartureDate>
        <ArrivalDate>2024-11-11</ArrivalDate>
        <DepartureTime>16:00</DepartureTime>
        <ArrivalTime>17:30</ArrivalTime>
        <AvailableSeats>190</AvailableSeats>
        <Price>220</Price>
    </Flight>
    <Flight>
        <FlightID>TXCA025</FlightID>
        <Origin>San Antonio</Origin>
        <Destination>San Jose</Destination>
        <DepartureDate>2024-11-18</DepartureDate>
        <ArrivalDate>2024-11-18</ArrivalDate>
        <DepartureTime>17:00</DepartureTime>
        <ArrivalTime>18:30</ArrivalTime>
        <AvailableSeats>160</AvailableSeats>
        <Price>200</Price>
    </Flight>
    <Flight>
        <FlightID>TXCA026</FlightID>
        <Origin>San Antonio</Origin>
        <Destination>Sacramento</Destination>
        <DepartureDate>2024-11-25</DepartureDate>
        <ArrivalDate>2024-11-25</ArrivalDate>
        <DepartureTime>18:00</DepartureTime>
        <ArrivalTime>19:30</ArrivalTime>
        <AvailableSeats>170</AvailableSeats>
        <Price>240</Price>
    </Flight>
    <Flight>
        <FlightID>TXCA027</FlightID>
        <Origin>Dallas</Origin>
        <Destination>Los Angeles</Destination>
        <DepartureDate>2024-09-03</DepartureDate>
        <ArrivalDate>2024-09-03</ArrivalDate>
        <DepartureTime>06:00</DepartureTime>
        <ArrivalTime>08:00</ArrivalTime>
        <AvailableSeats>165</AvailableSeats>
        <Price>208</Price>
    </Flight>
    <Flight>
        <FlightID>TXCA028</FlightID>
        <Origin>Dallas</Origin>
        <Destination>San Diego</Destination>
        <DepartureDate>2024-09-10</DepartureDate>
        <ArrivalDate>2024-09-10</ArrivalDate>
        <DepartureTime>07:00</DepartureTime>
        <ArrivalTime>09:00</ArrivalTime>
        <AvailableSeats>198</AvailableSeats>
        <Price>221</Price>
    </Flight>
    <Flight>
        <FlightID>TXCA029</FlightID>
        <Origin>Dallas</Origin>
        <Destination>San Francisco</Destination>
        <DepartureDate>2024-09-17</DepartureDate>
        <ArrivalDate>2024-09-17</ArrivalDate>
        <DepartureTime>08:00</DepartureTime>
        <ArrivalTime>10:00</ArrivalTime>
        <AvailableSeats>145</AvailableSeats>
        <Price>220</Price>
    </Flight>
    <Flight>
        <FlightID>TXCA030</FlightID>
        <Origin>Dallas</Origin>
        <Destination>San Jose</Destination>
        <DepartureDate>2024-09-24</DepartureDate>
        <ArrivalDate>2024-09-24</ArrivalDate>
        <DepartureTime>09:00</DepartureTime>
        <ArrivalTime>11:00</ArrivalTime>
        <AvailableSeats>165</AvailableSeats>
        <Price>210</Price>
    </Flight>
    <Flight>
        <FlightID>TXCA031</FlightID>
        <Origin>Dallas</Origin>
        <Destination>Sacramento</Destination>
        <DepartureDate>2024-10-01</DepartureDate>
        <ArrivalDate>2024-10-01</ArrivalDate>
        <DepartureTime>10:00</DepartureTime>
        <ArrivalTime>12:00</ArrivalTime>
        <AvailableSeats>170</AvailableSeats>
        <Price>200</Price>
    </Flight>
    <Flight>
        <FlightID>TXCA032</FlightID>
        <Origin>Dallas</Origin>
        <Destination>Berkeley</Destination>
        <DepartureDate>2024-10-08</DepartureDate>
        <ArrivalDate>2024-10-08</ArrivalDate>
        <DepartureTime>11:00</DepartureTime>
        <ArrivalTime>13:00</ArrivalTime>
        <AvailableSeats>174</AvailableSeats>
        <Price>140</Price>
    </Flight>
    <Flight>
        <FlightID>TXCA033</FlightID>
        <Origin>Dallas</Origin>
        <Destination>Oakland</Destination>
        <DepartureDate>2024-10-15</DepartureDate>
        <ArrivalDate>2024-10-15</ArrivalDate>
        <DepartureTime>12:00</DepartureTime>
        <ArrivalTime>14:00</ArrivalTime>
        <AvailableSeats>135</AvailableSeats>
        <Price>170</Price>
    </Flight>
    <Flight>
        <FlightID>TXCA034</FlightID>
        <Origin>Dallas</Origin>
        <Destination>Palm Springs</Destination>
        <DepartureDate>2024-10-22</DepartureDate>
        <ArrivalDate>2024-10-22</ArrivalDate>
        <DepartureTime>13:00</DepartureTime>
        <ArrivalTime>15:00</ArrivalTime>
        <AvailableSeats>175</AvailableSeats>
        <Price>240</Price>
    </Flight>
    <Flight>
        <FlightID>TXCA035</FlightID>
        <Origin>Dallas</Origin>
        <Destination>Los Angeles</Destination>
        <DepartureDate>2024-10-29</DepartureDate>
        <ArrivalDate>2024-10-29</ArrivalDate>
        <DepartureTime>14:00</DepartureTime>
        <ArrivalTime>16:00</ArrivalTime>
        <AvailableSeats>155</AvailableSeats>
        <Price>200</Price>
    </Flight>
    <Flight>
        <FlightID>TXCA036</FlightID>
        <Origin>Dallas</Origin>
        <Destination>San Diego</Destination>
        <DepartureDate>2024-11-05</DepartureDate>
        <ArrivalDate>2024-11-05</ArrivalDate>
        <DepartureTime>15:00</DepartureTime>
        <ArrivalTime>17:00</ArrivalTime>
        <AvailableSeats>180</AvailableSeats>
        <Price>110</Price>
    </Flight>
    <Flight>
        <FlightID>TXCA037</FlightID>
        <Origin>Dallas</Origin>
        <Destination>San Francisco</Destination>
        <DepartureDate>2024-11-12</DepartureDate>
        <ArrivalDate>2024-11-12</ArrivalDate>
        <DepartureTime>16:00</DepartureTime>
        <ArrivalTime>18:00</ArrivalTime>
        <AvailableSeats>190</AvailableSeats>
        <Price>200</Price>
    </Flight>
    <Flight>
        <FlightID>TXCA038</FlightID>
        <Origin>Dallas</Origin>
        <Destination>San Jose</Destination>
        <DepartureDate>2024-11-19</DepartureDate>
        <ArrivalDate>2024-11-19</ArrivalDate>
        <DepartureTime>17:00</DepartureTime>
        <ArrivalTime>19:00</ArrivalTime>
        <AvailableSeats>160</AvailableSeats>
        <Price>180</Price>
    </Flight>
    <Flight>
        <FlightID>TXCA039</FlightID>
        <Origin>Dallas</Origin>
        <Destination>Sacramento</Destination>
        <DepartureDate>2024-11-26</DepartureDate>
        <ArrivalDate>2024-11-26</ArrivalDate>
        <DepartureTime>18:00</DepartureTime>
        <ArrivalTime>20:00</ArrivalTime>
        <AvailableSeats>170</AvailableSeats>
        <Price>220</Price>
    </Flight>
    <Flight>
        <FlightID>TXCA040</FlightID>
        <Origin>Austin</Origin>
        <Destination>Los Angeles</Destination>
        <DepartureDate>2024-09-04</DepartureDate>
        <ArrivalDate>2024-09-04</ArrivalDate>
        <DepartureTime>06:00</DepartureTime>
        <ArrivalTime>07:30</ArrivalTime>
        <AvailableSeats>155</AvailableSeats>
        <Price>200</Price>
    </Flight>
    <Flight>
        <FlightID>TXCA041</FlightID>
        <Origin>Austins</Origin>
        <Destination>San Diego</Destination>
        <DepartureDate>2024-09-11</DepartureDate>
        <ArrivalDate>2024-09-11</ArrivalDate>
        <DepartureTime>07:00</DepartureTime>
        <ArrivalTime>08:30</ArrivalTime>
        <AvailableSeats>160</AvailableSeats>
        <Price>220</Price>
    </Flight>
    <Flight>
        <FlightID>TXCA042</FlightID>
        <Origin>Austin</Origin>
        <Destination>San Francisco</Destination>
        <DepartureDate>2024-09-18</DepartureDate>
        <ArrivalDate>2024-09-18</ArrivalDate>
        <DepartureTime>08:00</DepartureTime>
        <ArrivalTime>09:30</ArrivalTime>
        <AvailableSeats>175</AvailableSeats>
        <Price>160</Price>
    </Flight>
    <Flight>
        <FlightID>TXCA043</FlightID>
        <Origin>Austin</Origin>
        <Destination>San Jose</Destination>
        <DepartureDate>2024-09-25</DepartureDate>
        <ArrivalDate>2024-09-25</ArrivalDate>
        <DepartureTime>09:00</DepartureTime>
        <ArrivalTime>10:30</ArrivalTime>
        <AvailableSeats>165</AvailableSeats>
        <Price>210</Price>
    </Flight>
    <Flight>
        <FlightID>TXCA044</FlightID>
        <Origin>Austin</Origin>
        <Destination>Sacramento</Destination>
        <DepartureDate>2024-10-02</DepartureDate>
        <ArrivalDate>2024-10-02</ArrivalDate>
        <DepartureTime>10:00</DepartureTime>
        <ArrivalTime>11:30</ArrivalTime>
        <AvailableSeats>170</AvailableSeats>
        <Price>210</Price>
    </Flight>
    <Flight>
        <FlightID>TXCA045</FlightID>
        <Origin>Austin</Origin>
        <Destination>Berkeley</Destination>
        <DepartureDate>2024-10-09</DepartureDate>
        <ArrivalDate>2024-10-09</ArrivalDate>
        <DepartureTime>11:00</DepartureTime>
        <ArrivalTime>12:30</ArrivalTime>
        <AvailableSeats>164</AvailableSeats>
        <Price>170</Price>
    </Flight>
    <Flight>
        <FlightID>TXCA046</FlightID>
        <Origin>Austin</Origin>
        <Destination>Oakland</Destination>
        <DepartureDate>2024-10-16</DepartureDate>
        <ArrivalDate>2024-10-16</ArrivalDate>
        <DepartureTime>12:00</DepartureTime>
        <ArrivalTime>13:30</ArrivalTime>
        <AvailableSeats>145</AvailableSeats>
        <Price>170</Price>
    </Flight>
    <Flight>
        <FlightID>TXCA047</FlightID>
        <Origin>Austin</Origin>
        <Destination>Palm Springs</Destination>
        <DepartureDate>2024-10-23</DepartureDate>
        <ArrivalDate>2024-10-23</ArrivalDate>
        <DepartureTime>13:00</DepartureTime>
        <ArrivalTime>14:30</ArrivalTime>
        <AvailableSeats>175</AvailableSeats>
        <Price>210</Price>
    </Flight>
    <Flight>
        <FlightID>TXCA048</FlightID>
        <Origin>Austin</Origin>
        <Destination>Los Angeles</Destination>
        <DepartureDate>2024-10-30</DepartureDate>
        <ArrivalDate>2024-10-30</ArrivalDate>
        <DepartureTime>14:00</DepartureTime>
        <ArrivalTime>15:30</ArrivalTime>
        <AvailableSeats>165</AvailableSeats>
        <Price>180</Price>
    </Flight>
    <Flight>
        <FlightID>TXCA049</FlightID>
        <Origin>Austin</Origin>
        <Destination>San Diego</Destination>
        <DepartureDate>2024-11-06</DepartureDate>
        <ArrivalDate>2024-11-06</ArrivalDate>
        <DepartureTime>15:00</DepartureTime>
        <ArrivalTime>16:30</ArrivalTime>
        <AvailableSeats>180</AvailableSeats>
        <Price>180</Price>
    </Flight>
    <Flight>
        <FlightID>TXCA050</FlightID>
        <Origin>Austin</Origin>
        <Destination>San Francisco</Destination>
        <DepartureDate>2024-11-13</DepartureDate>
        <ArrivalDate>2024-11-13</ArrivalDate>
        <DepartureTime>16:00</DepartureTime>
        <ArrivalTime>17:30</ArrivalTime>
        <AvailableSeats>190</AvailableSeats>
        <Price>210</Price>
    </Flight>
    <Flight>
        <FlightID>TXCA051</FlightID>
        <Origin>Austin</Origin>
        <Destination>San Jose</Destination>
        <DepartureDate>2024-11-20</DepartureDate>
        <ArrivalDate>2024-11-20</ArrivalDate>
        <DepartureTime>17:00</DepartureTime>
        <ArrivalTime>18:30</ArrivalTime>
        <AvailableSeats>165</AvailableSeats>
        <Price>180</Price>
    </Flight>
    <Flight>
        <FlightID>TXCA052</FlightID>
        <Origin>Austin</Origin>
        <Destination>Sacramento</Destination>
        <DepartureDate>2024-11-27</DepartureDate>
        <ArrivalDate>2024-11-27</ArrivalDate>
        <DepartureTime>18:00</DepartureTime>
        <ArrivalTime>19:30</ArrivalTime>
        <AvailableSeats>170</AvailableSeats>
        <Price>210</Price>
    </Flight>
    <Flight>
        <FlightID>TXCA053</FlightID>
        <Origin>Arlington</Origin>
        <Destination>Los Angeles</Destination>
        <DepartureDate>2024-09-05</DepartureDate>
        <ArrivalDate>2024-09-05</ArrivalDate>
        <DepartureTime>06:00</DepartureTime>
        <ArrivalTime>08:00</ArrivalTime>
        <AvailableSeats>155</AvailableSeats>
        <Price>200</Price>
    </Flight>
    <Flight>
        <FlightID>TXCA054</FlightID>
        <Origin>Arlington</Origin>
        <Destination>San Diego</Destination>
        <DepartureDate>2024-09-12</DepartureDate>
        <ArrivalDate>2024-09-12</ArrivalDate>
        <DepartureTime>07:00</DepartureTime>
        <ArrivalTime>09:00</ArrivalTime>
        <AvailableSeats>160</AvailableSeats>
        <Price>220</Price>
    </Flight>
    <Flight>
        <FlightID>TXCA055</FlightID>
        <Origin>Arlington</Origin>
        <Destination>San Francisco</Destination>
        <DepartureDate>2024-09-19</DepartureDate>
        <ArrivalDate>2024-09-19</ArrivalDate>
        <DepartureTime>08:00</DepartureTime>
        <ArrivalTime>10:00</ArrivalTime>
        <AvailableSeats>175</AvailableSeats>
        <Price>160</Price>
    </Flight>
    <Flight>
        <FlightID>TXCA056</FlightID>
        <Origin>Arlington</Origin>
        <Destination>San Jose</Destination>
        <DepartureDate>2024-09-26</DepartureDate>
        <ArrivalDate>2024-09-26</ArrivalDate>
        <DepartureTime>09:00</DepartureTime>
        <ArrivalTime>11:00</ArrivalTime>
        <AvailableSeats>165</AvailableSeats>
        <Price>210</Price>
    </Flight>
    <Flight>
        <FlightID>TXCA057</FlightID>
        <Origin>Arlington</Origin>
        <Destination>Sacramento</Destination>
        <DepartureDate>2024-10-03</DepartureDate>
        <ArrivalDate>2024-10-03</ArrivalDate>
        <DepartureTime>10:00</DepartureTime>
        <ArrivalTime>12:00</ArrivalTime>
        <AvailableSeats>170</AvailableSeats>
        <Price>210</Price>
    </Flight>
    <Flight>
        <FlightID>TXCA058</FlightID>
        <Origin>Arlington</Origin>
        <Destination>Berkeley</Destination>
        <DepartureDate>2024-10-10</DepartureDate>
        <ArrivalDate>2024-10-10</ArrivalDate>
        <DepartureTime>11:00</DepartureTime>
        <ArrivalTime>13:00</ArrivalTime>
        <AvailableSeats>164</AvailableSeats>
        <Price>170</Price>
    </Flight>
    <Flight>
        <FlightID>TXCA059</FlightID>
        <Origin>Arlington</Origin>
        <Destination>Oakland</Destination>
        <DepartureDate>2024-10-17</DepartureDate>
        <ArrivalDate>2024-10-17</ArrivalDate>
        <DepartureTime>12:00</DepartureTime>
        <ArrivalTime>14:00</ArrivalTime>
        <AvailableSeats>145</AvailableSeats>
        <Price>170</Price>
    </Flight>
    <Flight>
        <FlightID>TXCA060</FlightID>
        <Origin>Arlington</Origin>
        <Destination>Palm Springs</Destination>
        <DepartureDate>2024-10-24</DepartureDate>
        <ArrivalDate>2024-10-24</ArrivalDate>
        <DepartureTime>13:00</DepartureTime>
        <ArrivalTime>15:00</ArrivalTime>
        <AvailableSeats>175</AvailableSeats>
        <Price>210</Price>
    </Flight>
    <Flight>
        <FlightID>TXCA061</FlightID>
        <Origin>Arlington</Origin>
        <Destination>Los Angeles</Destination>
        <DepartureDate>2024-10-31</DepartureDate>
        <ArrivalDate>2024-10-31</ArrivalDate>
        <DepartureTime>14:00</DepartureTime>
        <ArrivalTime>16:00</ArrivalTime>
        <AvailableSeats>165</AvailableSeats>
        <Price>180</Price>
    </Flight>
    <Flight>
        <FlightID>TXCA062</FlightID>
        <Origin>Arlington</Origin>
        <Destination>San Diego</Destination>
        <DepartureDate>2024-11-07</DepartureDate>
        <ArrivalDate>2024-11-07</ArrivalDate>
        <DepartureTime>15:00</DepartureTime>
        <ArrivalTime>17:00</ArrivalTime>
        <AvailableSeats>180</AvailableSeats>
        <Price>180</Price>
    </Flight>
    <Flight>
        <FlightID>TXCA063</FlightID>
        <Origin>Arlington</Origin>
        <Destination>San Francisco</Destination>
        <DepartureDate>2024-11-14</DepartureDate>
        <ArrivalDate>2024-11-14</ArrivalDate>
        <DepartureTime>16:00</DepartureTime>
        <ArrivalTime>18:00</ArrivalTime>
        <AvailableSeats>190</AvailableSeats>
        <Price>210</Price>
    </Flight>
    <Flight>
        <FlightID>TXCA064</FlightID>
        <Origin>Arlington</Origin>
        <Destination>San Jose</Destination>
        <DepartureDate>2024-11-21</DepartureDate>
        <ArrivalDate>2024-11-21</ArrivalDate>
        <DepartureTime>17:00</DepartureTime>
        <ArrivalTime>19:00</ArrivalTime>
        <AvailableSeats>165</AvailableSeats>
        <Price>180</Price>
    </Flight>
    <Flight>
        <FlightID>TXCA065</FlightID>
        <Origin>Arlington</Origin>
        <Destination>Sacramento</Destination>
        <DepartureDate>2024-11-28</DepartureDate>
        <ArrivalDate>2024-11-28</ArrivalDate>
        <DepartureTime>18:00</DepartureTime>
        <ArrivalTime>20:00</ArrivalTime>
        <AvailableSeats>170</AvailableSeats>
        <Price>210</Price>
    </Flight>
    <Flight>
        <FlightID>TXCA066</FlightID>
        <Origin>Galveston</Origin>
        <Destination>Los Angeles</Destination>
        <DepartureDate>2024-09-06</DepartureDate>
        <ArrivalDate>2024-09-06</ArrivalDate>
        <DepartureTime>06:00</DepartureTime>
        <ArrivalTime>09:30</ArrivalTime>
        <AvailableSeats>155</AvailableSeats>
        <Price>210</Price>
    </Flight>
    <Flight>
        <FlightID>TXCA067</FlightID>
        <Origin>Galveston</Origin>
        <Destination>San Diego</Destination>
        <DepartureDate>2024-09-13</DepartureDate>
        <ArrivalDate>2024-09-13</ArrivalDate>
        <DepartureTime>07:00</DepartureTime>
        <ArrivalTime>10:30</ArrivalTime>
        <AvailableSeats>130</AvailableSeats>
        <Price>220</Price>
    </Flight>
    <Flight>
        <FlightID>TXCA068</FlightID>
        <Origin>Galveston</Origin>
        <Destination>San Francisco</Destination>
        <DepartureDate>2024-09-20</DepartureDate>
        <ArrivalDate>2024-09-20</ArrivalDate>
        <DepartureTime>08:00</DepartureTime>
        <ArrivalTime>11:30</ArrivalTime>
        <AvailableSeats>175</AvailableSeats>
        <Price>180</Price>
    </Flight>
    <Flight>
        <FlightID>TXCA069</FlightID>
        <Origin>Galveston</Origin>
        <Destination>San Jose</Destination>
        <DepartureDate>2024-09-27</DepartureDate>
        <ArrivalDate>2024-09-27</ArrivalDate>
        <DepartureTime>09:00</DepartureTime>
        <ArrivalTime>12:30</ArrivalTime>
        <AvailableSeats>155</AvailableSeats>
        <Price>200</Price>
    </Flight>
    <Flight>
        <FlightID>TXCA070</FlightID>
        <Origin>Galveston</Origin>
        <Destination>Sacramento</Destination>
        <DepartureDate>2024-10-04</DepartureDate>
        <ArrivalDate>2024-10-04</ArrivalDate>
        <DepartureTime>10:00</DepartureTime>
        <ArrivalTime>13:30</ArrivalTime>
        <AvailableSeats>178</AvailableSeats>
        <Price>120</Price>
    </Flight>
    <Flight>
        <FlightID>TXCA071</FlightID>
        <Origin>Galveston</Origin>
        <Destination>Berkeley</Destination>
        <DepartureDate>2024-10-11</DepartureDate>
        <ArrivalDate>2024-10-11</ArrivalDate>
        <DepartureTime>11:00</DepartureTime>
        <ArrivalTime>14:30</ArrivalTime>
        <AvailableSeats>174</AvailableSeats>
        <Price>190</Price>
    </Flight>
    <Flight>
        <FlightID>TXCA072</FlightID>
        <Origin>Galveston</Origin>
        <Destination>Oakland</Destination>
        <DepartureDate>2024-10-18</DepartureDate>
        <ArrivalDate>2024-10-18</ArrivalDate>
        <DepartureTime>12:00</DepartureTime>
        <ArrivalTime>15:30</ArrivalTime>
        <AvailableSeats>125</AvailableSeats>
        <Price>170</Price>
    </Flight>
    <Flight>
        <FlightID>TXCA073</FlightID>
        <Origin>Galveston</Origin>
        <Destination>Palm Springs</Destination>
        <DepartureDate>2024-10-25</DepartureDate>
        <ArrivalDate>2024-10-25</ArrivalDate>
        <DepartureTime>13:00</DepartureTime>
        <ArrivalTime>16:30</ArrivalTime>
        <AvailableSeats>145</AvailableSeats>
        <Price>140</Price>
    </Flight>
    <Flight>
        <FlightID>TXCA074</FlightID>
        <Origin>Galveston</Origin>
        <Destination>Los Angeles</Destination>
        <DepartureDate>2024-11-01</DepartureDate>
        <ArrivalDate>2024-11-01</ArrivalDate>
        <DepartureTime>14:00</DepartureTime>
        <ArrivalTime>17:30</ArrivalTime>
        <AvailableSeats>166</AvailableSeats>
        <Price>150</Price>
    </Flight>
    <Flight>
        <FlightID>TXCA075</FlightID>
        <Origin>Galveston</Origin>
        <Destination>San Diego</Destination>
        <DepartureDate>2024-11-08</DepartureDate>
        <ArrivalDate>2024-11-08</ArrivalDate>
        <DepartureTime>15:00</DepartureTime>
        <ArrivalTime>18:30</ArrivalTime>
        <AvailableSeats>150</AvailableSeats>
        <Price>165</Price>
    </Flight>
    <Flight>
        <FlightID>TXCA076</FlightID>
        <Origin>Galveston</Origin>
        <Destination>San Francisco</Destination>
        <DepartureDate>2024-11-15</DepartureDate>
        <ArrivalDate>2024-11-15</ArrivalDate>
        <DepartureTime>16:00</DepartureTime>
        <ArrivalTime>19:30</ArrivalTime>
        <AvailableSeats>140</AvailableSeats>
        <Price>200</Price>
    </Flight>
    <Flight>
        <FlightID>TXCA077</FlightID>
        <Origin>Galveston</Origin>
        <Destination>San Jose</Destination>
        <DepartureDate>2024-11-22</DepartureDate>
        <ArrivalDate>2024-11-22</ArrivalDate>
        <DepartureTime>17:00</DepartureTime>
        <ArrivalTime>20:30</ArrivalTime>
        <AvailableSeats>185</AvailableSeats>
        <Price>170</Price>
    </Flight>
    <Flight>
        <FlightID>TXCA078</FlightID>
        <Origin>Galveston</Origin>
        <Destination>Sacramento</Destination>
        <DepartureDate>2024-11-29</DepartureDate>
        <ArrivalDate>2024-11-29</ArrivalDate>
        <DepartureTime>18:00</DepartureTime>
        <ArrivalTime>21:30</ArrivalTime>
        <AvailableSeats>175</AvailableSeats>
        <Price>190</Price>
    </Flight>
    <Flight>
        <FlightID>TXCA079</FlightID>
        <Origin>Corpus Christi</Origin>
        <Destination>Los Angeles</Destination>
        <DepartureDate>2024-09-07</DepartureDate>
        <ArrivalDate>2024-09-07</ArrivalDate>
        <DepartureTime>06:00</DepartureTime>
        <ArrivalTime>09:00</ArrivalTime>
        <AvailableSeats>155</AvailableSeats>
        <Price>200</Price>
    </Flight>
    <Flight>
        <FlightID>TXCA080</FlightID>
        <Origin>Corpus Christi</Origin>
        <Destination>San Diego</Destination>
        <DepartureDate>2024-09-14</DepartureDate>
        <ArrivalDate>2024-09-14</ArrivalDate>
        <DepartureTime>07:00</DepartureTime>
        <ArrivalTime>10:00</ArrivalTime>
        <AvailableSeats>130</AvailableSeats>
        <Price>120</Price>
    </Flight>
    <Flight>
        <FlightID>TXCA081</FlightID>
        <Origin>Corpus Christi</Origin>
        <Destination>San Francisco</Destination>
        <DepartureDate>2024-09-21</DepartureDate>
        <ArrivalDate>2024-09-21</ArrivalDate>
        <DepartureTime>08:00</DepartureTime>
        <ArrivalTime>11:00</ArrivalTime>
        <AvailableSeats>175</AvailableSeats>
        <Price>190</Price>
    </Flight>
    <Flight>
        <FlightID>TXCA082</FlightID>
        <Origin>Corpus Christi</Origin>
        <Destination>San Jose</Destination>
        <DepartureDate>2024-09-28</DepartureDate>
        <ArrivalDate>2024-09-28</ArrivalDate>
        <DepartureTime>09:00</DepartureTime>
        <ArrivalTime>12:00</ArrivalTime>
        <AvailableSeats>185</AvailableSeats>
        <Price>200</Price>
    </Flight>
    <Flight>
        <FlightID>TXCA083</FlightID>
        <Origin>Corpus Christi</Origin>
        <Destination>Sacramento</Destination>
        <DepartureDate>2024-10-05</DepartureDate>
        <ArrivalDate>2024-10-05</ArrivalDate>
        <DepartureTime>10:00</DepartureTime>
        <ArrivalTime>13:00</ArrivalTime>
        <AvailableSeats>188</AvailableSeats>
        <Price>260</Price>
    </Flight>
    <Flight>
        <FlightID>TXCA084</FlightID>
        <Origin>Corpus Christi</Origin>
        <Destination>Berkeley</Destination>
        <DepartureDate>2024-10-12</DepartureDate>
        <ArrivalDate>2024-10-12</ArrivalDate>
        <DepartureTime>11:00</DepartureTime>
        <ArrivalTime>14:00</ArrivalTime>
        <AvailableSeats>184</AvailableSeats>
        <Price>220</Price>
    </Flight>
    <Flight>
        <FlightID>TXCA085</FlightID>
        <Origin>Corpus Christi</Origin>
        <Destination>Oakland</Destination>
        <DepartureDate>2024-10-19</DepartureDate>
        <ArrivalDate>2024-10-19</ArrivalDate>
        <DepartureTime>12:00</DepartureTime>
        <ArrivalTime>15:00</ArrivalTime>
        <AvailableSeats>155</AvailableSeats>
        <Price>190</Price>
    </Flight>
    <Flight>
        <FlightID>TXCA086</FlightID>
        <Origin>Corpus Christi</Origin>
        <Destination>Palm Springs</Destination>
        <DepartureDate>2024-10-26</DepartureDate>
        <ArrivalDate>2024-10-26</ArrivalDate>
        <DepartureTime>13:00</DepartureTime>
        <ArrivalTime>16:00</ArrivalTime>
        <AvailableSeats>195</AvailableSeats>
        <Price>240</Price>
    </Flight>
    <Flight>
        <FlightID>TXCA087</FlightID>
        <Origin>Corpus Christi</Origin>
        <Destination>Los Angeles</Destination>
        <DepartureDate>2024-11-02</DepartureDate>
        <ArrivalDate>2024-11-02</ArrivalDate>
        <DepartureTime>14:00</DepartureTime>
        <ArrivalTime>17:00</ArrivalTime>
        <AvailableSeats>186</AvailableSeats>
        <Price>170</Price>
    </Flight>
    <Flight>
        <FlightID>TXCA088</FlightID>
        <Origin>Corpus Christi</Origin>
        <Destination>San Diego</Destination>
        <DepartureDate>2024-11-09</DepartureDate>
        <ArrivalDate>2024-11-09</ArrivalDate>
        <DepartureTime>15:00</DepartureTime>
        <ArrivalTime>18:00</ArrivalTime>
        <AvailableSeats>150</AvailableSeats>
        <Price>135</Price>
    </Flight>
    <Flight>
        <FlightID>TXCA089</FlightID>
        <Origin>Corpus Christi</Origin>
        <Destination>San Francisco</Destination>
        <DepartureDate>2024-11-16</DepartureDate>
        <ArrivalDate>2024-11-16</ArrivalDate>
        <DepartureTime>16:00</DepartureTime>
        <ArrivalTime>19:00</ArrivalTime>
        <AvailableSeats>170</AvailableSeats>
        <Price>200</Price>
    </Flight>
    <Flight>
        <FlightID>TXCA090</FlightID>
        <Origin>Corpus Christi</Origin>
        <Destination>San Jose</Destination>
        <DepartureDate>2024-11-23</DepartureDate>
        <ArrivalDate>2024-11-23</ArrivalDate>
        <DepartureTime>17:00</DepartureTime>
        <ArrivalTime>20:00</ArrivalTime>
        <AvailableSeats>165</AvailableSeats>
        <Price>160</Price>
    </Flight>
    <Flight>
        <FlightID>TXCA091</FlightID>
        <Origin>Corpus Christi</Origin>
        <Destination>Sacramento</Destination>
        <DepartureDate>2024-11-30</DepartureDate>
        <ArrivalDate>2024-11-30</ArrivalDate>
        <DepartureTime>18:00</DepartureTime>
        <ArrivalTime>21:00</ArrivalTime>
        <AvailableSeats>185</AvailableSeats>
        <Price>180</Price>
    </Flight>
</Flights>